<?xml version="1.0" encoding="UTF-8"?>
<project-private xmlns="http://www.netbeans.org/ns/project-private/1">
    <editor-bookmarks xmlns="http://www.netbeans.org/ns/editor-bookmarks/2" lastBookmarkId="0"/>
    <open-files xmlns="http://www.netbeans.org/ns/projectui-open-files/2">
        <group>
            <file>file:/C:/Users/dimut/Desktop/SE%20proj/Dimuth/Hotel_Mgt/Hotel_Mgt_Sys/src/View/AddProfile.java</file>
            <file>file:/C:/Users/dimut/Desktop/SE%20proj/Dimuth/Hotel_Mgt/Hotel_Mgt_Sys/src/View/Admin_Panel.java</file>
            <file>file:/C:/Users/dimut/Desktop/SE%20proj/Dimuth/Hotel_Mgt/Hotel_Mgt_Sys/src/View/Desserts.java</file>
            <file>file:/C:/Users/dimut/Desktop/SE%20proj/Dimuth/Hotel_Mgt/Hotel_Mgt_Sys/src/View/Login.java</file>
            <file>file:/C:/Users/dimut/Desktop/SE%20proj/Dimuth/Hotel_Mgt/Hotel_Mgt_Sys/src/View/Invoice.java</file>
            <file>file:/C:/Users/dimut/Desktop/SE%20proj/Dimuth/Hotel_Mgt/Hotel_Mgt_Sys/src/View/Reports.java</file>
            <file>file:/C:/Users/dimut/Desktop/SE%20proj/Dimuth/Hotel_Mgt/Hotel_Mgt_Sys/src/View/Food.java</file>
            <file>file:/C:/Users/dimut/Desktop/SE%20proj/Dimuth/Hotel_Mgt/Hotel_Mgt_Sys/src/View/Drinks.java</file>
            <file>file:/C:/Users/dimut/Desktop/SE%20proj/Dimuth/Hotel_Mgt/Hotel_Mgt_Sys/src/View/Meals.java</file>
            <file>file:/C:/Users/dimut/Desktop/SE%20proj/Dimuth/Hotel_Mgt/Hotel_Mgt_Sys/src/View/Room.java</file>
            <file>file:/C:/Users/dimut/Desktop/SE%20proj/Dimuth/Hotel_Mgt/Hotel_Mgt_Sys/src/View/DashBoard.java</file>
        </group>
    </open-files>
</project-private>
